club_name,year,trades_with_Arsenal,trades_with_Aston Villa,trades_with_Bournemouth,trades_with_Brentford,trades_with_Brighton,trades_with_Chelsea,trades_with_Crystal Palace,trades_with_Everton,trades_with_Fulham,trades_with_Ipswich Town,trades_with_Leicester City,trades_with_Liverpool,trades_with_Manchester City,trades_with_Manchester United,trades_with_Newcastle United,trades_with_Nottingham Forest,trades_with_Southampton,trades_with_Tottenham,trades_with_West Ham,trades_with_Wolverhampton
Arsenal,1992,/,0,0,0,0,0,0,0,0,0,0,0,0,0,0,0,0,0,0,0
Aston Villa,1992,0,/,0,0,0,0,0,0,0,0,0,1,0,1,0,0,0,0,1,0
Bournemouth,1992,0,0,/,0,0,0,0,0,0,0,0,0,0,0,0,0,0,0,0,0
Brentford,1992,0,0,0,/,0,0,0,0,0,0,0,0,0,0,0,0,0,0,0,0
Brighton,1992,0,0,0,0,/,0,0,0,0,0,0,0,0,0,0,0,0,0,0,0
Chelsea,1992,0,0,0,0,0,/,0,0,0,0,0,0,0,0,0,0,0,0,0,1
Crystal Palace,1992,0,0,0,0,0,0,/,0,0,0,0,0,0,0,0,0,0,0,0,0
Everton,1992,0,0,0,0,0,0,0,/,0,0,0,0,0,0,0,0,0,0,0,0
Fulham,1992,0,0,0,0,0,0,0,0,/,0,0,0,0,0,0,0,0,0,0,0
Ipswich Town,1992,0,0,0,0,0,0,0,0,0,/,1,0,0,0,0,0,0,0,0,0
Leicester City,1992,0,0,0,0,0,0,0,0,0,1,/,0,0,0,0,0,0,0,0,0
Liverpool,1992,0,1,0,0,0,0,0,0,0,0,0,/,0,0,1,0,0,0,0,0
Manchester City,1992,0,0,0,0,0,0,0,0,0,0,0,0,/,0,1,0,0,0,0,0
Manchester United,1992,0,1,0,0,0,0,0,0,0,0,0,0,0,/,0,1,0,0,0,0
Newcastle United,1992,0,0,0,0,0,0,0,0,0,0,0,1,1,0,/,0,0,0,0,0
Nottingham Forest,1992,0,0,0,0,0,0,0,0,0,0,0,0,0,1,0,/,0,0,0,0
Southampton,1992,0,0,0,0,0,0,0,0,0,0,0,0,0,0,0,0,/,0,0,0
Tottenham,1992,0,0,0,0,0,0,0,0,0,0,0,0,0,0,0,0,0,/,0,0
West Ham,1992,0,1,0,0,0,0,0,0,0,0,0,0,0,0,0,0,0,0,/,0
Wolverhampton,1992,0,0,0,0,0,1,0,0,0,0,0,0,0,0,0,0,0,0,0,/
Arsenal,1993,/,0,0,0,0,0,1,0,0,0,0,0,0,0,0,0,0,0,0,0
Aston Villa,1993,0,/,0,0,0,1,0,0,0,0,0,0,0,0,0,0,0,0,0,1
Bournemouth,1993,0,0,/,0,0,0,0,0,0,0,0,0,0,1,0,0,0,0,0,1
Brentford,1993,0,0,0,/,0,0,0,0,0,0,0,0,0,0,0,1,0,0,0,0
Brighton,1993,0,0,0,0,/,0,0,0,0,0,0,0,0,0,0,0,0,0,0,0
Chelsea,1993,0,1,0,0,0,/,1,0,0,0,0,0,0,0,1,0,0,0,0,0
Crystal Palace,1993,1,0,0,0,0,1,/,0,0,0,0,1,0,0,0,0,0,0,0,1
Everton,1993,0,0,0,0,0,0,0,/,0,0,0,0,1,0,1,0,0,0,0,0
Fulham,1993,0,0,0,0,0,0,0,0,/,0,0,0,0,0,0,0,0,0,0,0
Ipswich Town,1993,0,0,0,0,0,0,0,0,0,/,0,0,0,0,0,0,0,1,0,0
Leicester City,1993,0,0,0,0,0,0,0,0,0,0,/,0,0,1,0,0,1,0,0,0
Liverpool,1993,0,0,0,0,0,0,1,0,0,0,0,/,0,0,1,1,0,0,0,0
Manchester City,1993,0,0,0,0,0,0,0,1,0,0,0,0,/,0,0,0,1,0,0,0
Manchester United,1993,0,0,1,0,0,0,0,0,0,0,1,0,0,/,0,1,0,0,0,1
Newcastle United,1993,0,0,0,0,0,1,0,1,0,0,0,1,0,0,/,1,0,1,0,1
Nottingham Forest,1993,0,0,0,1,0,0,0,0,0,0,0,1,0,1,1,/,0,0,0,0
Southampton,1993,0,0,0,0,0,0,0,0,0,0,1,0,1,0,0,0,/,0,0,0
Tottenham,1993,0,0,0,0,0,0,0,0,0,1,0,0,0,0,1,0,0,/,0,0
West Ham,1993,0,0,0,0,0,0,0,0,0,0,0,0,0,0,0,0,0,0,/,1
Wolverhampton,1993,0,1,1,0,0,0,1,0,0,0,0,0,0,1,1,0,0,0,1,/
Arsenal,1994,/,0,0,0,0,0,0,0,0,1,0,0,0,0,0,0,0,0,0,0
Aston Villa,1994,0,/,0,0,0,0,1,1,0,0,1,0,0,0,0,0,0,0,0,1
Bournemouth,1994,0,0,/,0,0,0,1,0,0,0,0,0,0,0,0,0,0,0,0,1
Brentford,1994,0,0,0,/,0,0,0,0,0,0,0,0,0,0,0,0,0,0,0,0
Brighton,1994,0,0,0,0,/,0,0,0,0,0,0,0,0,0,0,0,0,0,0,0
Chelsea,1994,0,0,0,0,0,/,0,0,0,0,0,0,1,0,0,0,0,0,0,0
Crystal Palace,1994,0,1,1,0,0,0,/,0,0,0,0,0,0,0,0,0,1,0,0,0
Everton,1994,0,1,0,0,0,0,0,/,0,0,0,0,0,0,0,0,0,0,0,0
Fulham,1994,0,0,0,0,0,0,0,0,/,0,0,0,0,0,0,0,0,0,0,0
Ipswich Town,1994,1,0,0,0,0,0,0,0,0,/,0,0,0,0,1,0,0,1,1,0
Leicester City,1994,0,1,0,0,0,0,0,0,0,0,/,0,0,0,0,0,0,0,0,0
Liverpool,1994,0,0,0,0,0,0,0,0,0,0,0,/,0,0,0,0,0,0,0,1
Manchester City,1994,0,0,0,0,0,1,0,0,0,0,0,0,/,0,0,0,0,0,0,0
Manchester United,1994,0,0,0,0,0,0,0,0,0,0,0,0,0,/,1,0,0,0,0,0
Newcastle United,1994,0,0,0,0,0,0,0,0,0,1,0,0,0,1,/,0,0,0,0,0
Nottingham Forest,1994,0,0,0,0,0,0,0,0,0,0,0,0,0,0,0,/,0,0,0,0
Southampton,1994,0,0,0,0,0,0,1,0,0,0,0,0,0,0,0,0,/,0,0,0
Tottenham,1994,0,0,0,0,0,0,0,0,0,1,0,0,0,0,0,0,0,/,0,0
West Ham,1994,0,0,0,0,0,0,0,0,0,1,0,0,0,0,0,0,0,0,/,0
Wolverhampton,1994,0,1,1,0,0,0,0,0,0,0,0,1,0,0,0,0,0,0,0,/
Arsenal,1995,/,0,0,0,0,0,0,0,0,0,0,0,0,0,0,1,0,0,0,0
Aston Villa,1995,0,/,0,0,0,0,1,0,0,0,1,0,0,0,0,1,0,0,0,1
Bournemouth,1995,0,0,/,0,0,0,1,0,0,0,0,0,0,1,0,0,0,0,0,0
Brentford,1995,0,0,0,/,0,0,0,0,0,0,0,0,0,0,0,0,0,0,0,0
Brighton,1995,0,0,0,0,/,0,0,0,0,0,0,0,0,0,0,1,0,0,0,0
Chelsea,1995,0,0,0,0,0,/,1,0,0,0,1,0,1,1,0,0,0,0,0,0
Crystal Palace,1995,0,1,1,0,0,1,/,0,0,0,0,0,0,0,0,0,0,1,1,1
Everton,1995,0,0,0,0,0,0,0,/,0,0,0,0,0,1,1,0,0,0,0,1
Fulham,1995,0,0,0,0,0,0,0,0,/,0,0,0,0,0,0,0,0,0,0,0
Ipswich Town,1995,0,0,0,0,0,0,0,0,0,/,0,0,0,0,1,0,0,0,0,0
Leicester City,1995,0,1,0,0,0,1,0,0,0,0,/,0,0,0,0,0,0,0,0,1
Liverpool,1995,0,0,0,0,0,0,0,0,0,0,0,/,1,0,0,1,0,0,0,0
Manchester City,1995,0,0,0,0,0,1,0,0,0,0,0,1,/,1,0,0,0,0,0,0
Manchester United,1995,0,0,1,0,0,1,0,1,0,0,0,0,1,/,0,1,0,0,0,0
Newcastle United,1995,0,0,0,0,0,0,0,1,0,1,0,0,0,0,/,0,1,1,0,0
Nottingham Forest,1995,1,1,0,0,1,0,0,0,0,0,0,1,0,1,0,/,0,0,0,0
Southampton,1995,0,0,0,0,0,0,0,0,0,0,0,0,0,0,1,0,/,0,0,0
Tottenham,1995,0,0,0,0,0,0,1,0,0,0,0,0,0,0,1,0,0,/,0,0
West Ham,1995,0,0,0,0,0,0,1,0,0,0,0,0,0,0,0,0,0,0,/,0
Wolverhampton,1995,0,1,0,0,0,0,1,1,0,0,1,0,0,0,0,0,0,0,0,/
Arsenal,1996,/,0,0,0,0,0,1,0,0,0,0,0,1,0,0,0,0,0,0,0
Aston Villa,1996,0,/,0,0,0,0,0,0,0,0,0,0,0,0,0,0,0,0,0,0
Bournemouth,1996,0,0,/,0,0,0,1,0,0,1,0,0,0,0,0,0,0,0,0,0
Brentford,1996,0,0,0,/,0,0,0,0,0,0,0,0,0,0,0,0,0,0,0,0
Brighton,1996,0,0,0,0,/,0,0,0,0,0,0,0,0,0,0,0,0,0,0,0
Chelsea,1996,0,0,0,0,0,/,0,0,0,1,1,0,0,0,0,0,0,0,0,0
Crystal Palace,1996,1,0,1,0,0,0,/,0,0,0,0,0,1,0,0,0,1,1,0,0
Everton,1996,0,0,0,0,0,0,0,/,0,1,0,0,0,0,0,0,0,0,0,0
Fulham,1996,0,0,0,0,0,0,0,0,/,0,0,0,0,0,0,0,0,0,0,0
Ipswich Town,1996,0,0,1,0,0,1,0,1,0,/,1,0,1,0,0,1,0,1,0,0
Leicester City,1996,0,0,0,0,0,1,0,0,0,1,/,0,0,0,0,0,0,0,0,1
Liverpool,1996,0,0,0,0,0,0,0,0,0,0,0,/,0,0,0,0,0,0,0,0
Manchester City,1996,1,0,0,0,0,0,1,0,0,1,0,0,/,0,0,1,1,0,1,1
Manchester United,1996,0,0,0,0,0,0,0,0,0,0,0,0,0,/,0,0,0,1,0,0
Newcastle United,1996,0,0,0,0,0,0,0,0,0,0,0,0,0,0,/,0,0,0,1,0
Nottingham Forest,1996,0,0,0,0,0,0,0,0,0,1,0,0,1,0,0,/,0,0,0,0
Southampton,1996,0,0,0,0,0,0,1,0,0,0,0,0,1,0,0,0,/,0,0,0
Tottenham,1996,0,0,0,0,0,0,1,0,0,1,0,0,0,1,0,0,0,/,0,0
West Ham,1996,0,0,0,0,0,0,0,0,0,0,0,0,1,0,1,0,0,0,/,0
Wolverhampton,1996,0,0,0,0,0,0,0,0,0,0,1,0,1,0,0,0,0,0,0,/
Arsenal,1997,/,0,0,0,0,0,0,0,0,0,0,0,0,0,0,0,0,0,0,0
Aston Villa,1997,0,/,0,0,0,0,1,1,0,0,1,1,0,0,0,0,0,0,0,0
Bournemouth,1997,0,0,/,0,0,0,0,0,0,1,1,0,0,1,0,0,0,0,0,0
Brentford,1997,0,0,0,/,0,0,1,0,0,0,0,0,0,0,0,0,0,0,0,0
Brighton,1997,0,0,0,0,/,0,0,0,0,0,0,0,0,0,0,0,0,0,0,0
Chelsea,1997,0,0,0,0,0,/,0,0,0,1,0,0,0,0,0,0,0,0,0,0
Crystal Palace,1997,0,1,0,1,0,0,/,0,1,0,0,0,1,0,0,0,0,0,0,1
Everton,1997,0,1,0,0,0,0,0,/,0,0,0,0,0,1,1,0,0,0,0,0
Fulham,1997,0,0,0,0,0,0,1,0,/,0,0,0,0,0,0,0,0,0,0,0
Ipswich Town,1997,0,0,1,0,0,1,0,0,0,/,0,0,1,0,0,0,0,1,1,1
Leicester City,1997,0,1,1,0,0,0,0,0,0,0,/,0,0,0,0,0,0,0,0,1
Liverpool,1997,0,1,0,0,0,0,0,0,0,0,0,/,0,0,1,0,0,0,0,0
Manchester City,1997,0,0,0,0,0,0,1,0,0,1,0,0,/,0,0,0,0,0,1,0
Manchester United,1997,0,0,1,0,0,0,0,1,0,0,0,0,0,/,0,0,0,0,0,0
Newcastle United,1997,0,0,0,0,0,0,0,1,0,0,0,1,0,0,/,1,1,1,1,0
Nottingham Forest,1997,0,0,0,0,0,0,0,0,0,0,0,0,0,0,1,/,1,0,1,1
Southampton,1997,0,0,0,0,0,0,0,0,0,0,0,0,0,0,1,1,/,0,0,1
Tottenham,1997,0,0,0,0,0,0,0,0,0,1,0,0,0,0,1,0,0,/,0,0
West Ham,1997,0,0,0,0,0,0,0,0,0,1,0,0,1,0,1,1,0,0,/,0
Wolverhampton,1997,0,0,0,0,0,0,1,0,0,1,1,0,0,0,0,1,1,0,0,/
Arsenal,1998,/,0,0,0,0,0,1,0,0,1,0,0,0,0,0,0,0,0,0,0
Aston Villa,1998,0,/,0,0,0,0,0,1,0,0,0,1,0,1,1,1,0,1,1,0
Bournemouth,1998,0,0,/,0,0,0,0,0,0,0,0,0,0,0,0,0,0,0,0,0
Brentford,1998,0,0,0,/,0,0,1,0,0,0,0,0,0,0,0,0,0,0,0,0
Brighton,1998,0,0,0,0,/,0,0,0,0,0,0,0,0,0,0,0,0,0,0,0
Chelsea,1998,0,0,0,0,0,/,0,0,0,0,1,0,0,0,1,0,0,0,0,0
Crystal Palace,1998,1,0,0,1,0,0,/,0,1,0,0,0,1,0,0,1,0,1,0,1
Everton,1998,0,1,0,0,0,0,0,/,0,0,0,0,1,0,1,1,0,0,0,0
Fulham,1998,0,0,0,0,0,0,1,0,/,1,0,0,1,0,1,0,0,0,0,0
Ipswich Town,1998,1,0,0,0,0,0,0,0,1,/,0,0,0,0,0,1,0,1,1,0
Leicester City,1998,0,0,0,0,0,1,0,0,0,0,/,0,0,0,0,0,0,0,1,0
Liverpool,1998,0,1,0,0,0,0,0,0,0,0,0,/,0,0,0,0,0,0,0,1
Manchester City,1998,0,0,0,0,0,0,1,1,1,0,0,0,/,1,0,0,1,0,0,0
Manchester United,1998,0,1,0,0,0,0,0,0,0,0,0,0,1,/,0,0,0,0,0,0
Newcastle United,1998,0,1,0,0,0,1,0,1,1,0,0,0,0,0,/,0,0,0,1,0
Nottingham Forest,1998,0,1,0,0,0,0,1,1,0,1,0,0,0,0,0,/,1,0,0,1
Southampton,1998,0,0,0,0,0,0,0,0,0,0,0,0,1,0,0,1,/,0,0,0
Tottenham,1998,0,1,0,0,0,0,1,0,0,1,0,0,0,0,0,0,0,/,0,1
West Ham,1998,0,1,0,0,0,0,0,0,0,1,1,0,0,0,1,0,0,0,/,0
Wolverhampton,1998,0,0,0,0,0,0,1,0,0,0,0,1,0,0,0,1,0,1,0,/
Arsenal,1999,/,0,0,0,0,0,1,0,0,0,0,0,0,0,0,0,0,0,0,0
Aston Villa,1999,0,/,0,0,0,0,0,0,1,0,1,0,0,1,0,1,0,0,0,1
Bournemouth,1999,0,0,/,0,0,0,0,0,0,0,0,0,1,1,1,0,0,0,0,0
Brentford,1999,0,0,0,/,0,0,1,0,0,1,0,0,0,0,0,0,0,0,0,0
Brighton,1999,0,0,0,0,/,0,0,0,0,0,0,0,0,0,0,0,0,0,0,0
Chelsea,1999,0,0,0,0,0,/,1,0,0,0,0,0,0,0,0,1,0,0,0,0
Crystal Palace,1999,1,0,0,1,0,1,/,1,0,0,0,0,0,0,0,0,0,0,0,1
Everton,1999,0,0,0,0,0,0,1,/,0,0,0,0,1,0,0,0,0,0,0,1
Fulham,1999,0,1,0,0,0,0,0,0,/,0,0,0,0,0,0,0,0,0,0,0
Ipswich Town,1999,0,0,0,1,0,0,0,0,0,/,0,0,0,1,1,0,0,0,0,0
Leicester City,1999,0,1,0,0,0,0,0,0,0,0,/,1,0,0,0,0,0,0,0,1
Liverpool,1999,0,0,0,0,0,0,0,0,0,0,1,/,0,0,1,0,0,0,0,0
Manchester City,1999,0,0,1,0,0,0,0,1,0,0,0,0,/,0,1,1,0,0,0,0
Manchester United,1999,0,1,1,0,0,0,0,0,0,1,0,0,0,/,0,0,0,0,0,0
Newcastle United,1999,0,0,1,0,0,0,0,0,0,1,0,1,1,0,/,0,0,0,1,0
Nottingham Forest,1999,0,1,0,0,0,1,0,0,0,0,0,0,1,0,0,/,0,0,1,0
Southampton,1999,0,0,0,0,0,0,0,0,0,0,0,0,0,0,0,0,/,0,0,1
Tottenham,1999,0,0,0,0,0,0,0,0,0,0,0,0,0,0,0,0,0,/,0,1
West Ham,1999,0,0,0,0,0,0,0,0,0,0,0,0,0,0,1,1,0,0,/,0
Wolverhampton,1999,0,1,0,0,0,0,1,1,0,0,1,0,0,0,0,0,1,1,0,/
Arsenal,2000,/,0,0,0,0,0,1,0,0,0,0,0,0,0,0,1,0,0,0,0
Aston Villa,2000,0,/,0,0,0,0,0,1,0,0,0,1,0,0,0,0,0,1,0,0
Bournemouth,2000,0,0,/,0,0,0,1,0,0,0,0,0,1,0,0,0,0,0,0,0
Brentford,2000,0,0,0,/,0,0,0,0,0,0,0,0,0,0,0,0,0,0,0,0
Brighton,2000,0,0,0,0,/,0,0,0,0,0,0,0,0,0,0,0,0,0,0,0
Chelsea,2000,0,0,0,0,0,/,1,0,0,0,0,0,0,1,0,0,0,0,0,0
Crystal Palace,2000,1,0,1,0,0,1,/,0,0,1,0,1,1,0,0,1,0,0,1,0
Everton,2000,0,1,0,0,0,0,0,/,0,0,0,0,1,0,1,0,0,0,0,0
Fulham,2000,0,0,0,0,0,0,0,0,/,0,0,0,0,0,1,0,0,0,0,0
Ipswich Town,2000,0,0,0,0,0,0,1,0,0,/,0,0,0,0,0,1,0,1,0,1
Leicester City,2000,0,0,0,0,0,0,0,0,0,0,/,1,0,0,0,0,0,0,0,1
Liverpool,2000,0,1,0,0,0,0,1,0,0,0,1,/,0,0,0,0,0,0,0,0
Manchester City,2000,0,0,1,0,0,0,1,1,0,0,0,0,/,0,1,0,0,0,1,1
Manchester United,2000,0,0,0,0,0,1,0,0,0,0,0,0,0,/,0,0,0,1,0,0
Newcastle United,2000,0,0,0,0,0,0,0,1,1,0,0,0,1,0,/,0,0,0,0,1
Nottingham Forest,2000,1,0,0,0,0,0,1,0,0,1,0,0,0,0,0,/,1,0,0,0
Southampton,2000,0,0,0,0,0,0,0,0,0,0,0,0,0,0,0,1,/,0,0,0
Tottenham,2000,0,1,0,0,0,0,0,0,0,1,0,0,0,1,0,0,0,/,0,0
West Ham,2000,0,0,0,0,0,0,1,0,0,0,0,0,1,0,0,0,0,0,/,0
Wolverhampton,2000,0,0,0,0,0,0,0,0,0,1,1,0,1,0,1,0,0,0,0,/
Arsenal,2001,/,0,0,0,0,0,0,0,0,1,0,0,0,0,0,0,0,0,0,0
Aston Villa,2001,0,/,1,0,0,0,0,0,0,0,0,0,0,0,0,0,1,0,1,0
Bournemouth,2001,0,1,/,0,0,0,0,0,0,0,0,0,0,0,0,0,0,0,0,1
Brentford,2001,0,0,0,/,0,0,1,0,0,0,0,0,0,0,0,0,0,0,0,0
Brighton,2001,0,0,0,0,/,0,0,0,0,0,1,0,0,0,0,0,0,0,0,0
Chelsea,2001,0,0,0,0,0,/,0,0,0,0,1,0,0,0,0,0,0,0,0,0
Crystal Palace,2001,0,0,0,1,0,0,/,0,1,0,0,0,1,0,0,1,0,0,0,0
Everton,2001,0,0,0,0,0,0,0,/,0,0,0,0,0,1,0,0,0,0,0,0
Fulham,2001,0,0,0,0,0,0,1,0,/,0,0,0,0,0,0,0,0,0,0,0
Ipswich Town,2001,1,0,0,0,0,0,0,0,0,/,1,0,0,0,0,0,0,0,0,0
Leicester City,2001,0,0,0,0,1,1,0,0,0,1,/,0,1,0,0,1,0,1,0,1
Liverpool,2001,0,0,0,0,0,0,0,0,0,0,0,/,0,0,0,0,0,0,0,0
Manchester City,2001,0,0,0,0,0,0,1,0,0,0,1,0,/,0,0,0,0,0,1,1
Manchester United,2001,0,0,0,0,0,0,0,1,0,0,0,0,0,/,0,0,0,0,1,0
Newcastle United,2001,0,0,0,0,0,0,0,0,0,0,0,0,0,0,/,1,0,0,0,0
Nottingham Forest,2001,0,0,0,0,0,0,1,0,0,0,1,0,0,0,1,/,0,0,0,1
Southampton,2001,0,1,0,0,0,0,0,0,0,0,0,0,0,0,0,0,/,0,0,0
Tottenham,2001,0,0,0,0,0,0,0,0,0,0,1,0,0,0,0,0,0,/,0,0
West Ham,2001,0,1,0,0,0,0,0,0,0,0,0,0,1,1,0,0,0,0,/,1
Wolverhampton,2001,0,0,1,0,0,0,0,0,0,0,1,0,1,0,0,1,0,0,1,/
Arsenal,2002,/,0,0,0,0,0,0,0,0,0,0,0,1,0,0,0,0,0,0,0
Aston Villa,2002,0,/,0,0,0,0,0,1,0,0,0,0,1,1,0,0,0,1,0,0
Bournemouth,2002,0,0,/,0,0,0,0,0,0,1,0,0,0,0,0,0,0,0,0,0
Brentford,2002,0,0,0,/,0,0,1,0,0,0,0,0,0,0,0,1,0,0,0,1
Brighton,2002,0,0,0,0,/,0,0,0,0,0,0,0,0,0,0,0,0,0,0,1
Chelsea,2002,0,0,0,0,0,/,0,0,0,0,0,0,0,0,0,0,0,0,0,1
Crystal Palace,2002,0,0,0,1,0,0,/,0,0,0,0,0,0,0,0,0,0,0,0,0
Everton,2002,0,1,0,0,0,0,0,/,0,1,0,0,0,0,0,0,0,0,0,0
Fulham,2002,0,0,0,0,0,0,0,0,/,0,0,0,0,0,0,0,0,0,0,0
Ipswich Town,2002,0,0,1,0,0,0,0,1,0,/,0,0,0,0,1,0,0,0,0,0
Leicester City,2002,0,0,0,0,0,0,0,0,0,0,/,0,1,0,0,1,0,0,0,0
Liverpool,2002,0,0,0,0,0,0,0,0,0,0,0,/,0,0,0,0,0,0,0,0
Manchester City,2002,1,1,0,0,0,0,0,0,0,0,1,0,/,0,0,1,0,0,0,0
Manchester United,2002,0,1,0,0,0,0,0,0,0,0,0,0,0,/,0,0,0,0,0,1
Newcastle United,2002,0,0,0,0,0,0,0,0,0,1,0,0,0,0,/,0,0,0,0,0
Nottingham Forest,2002,0,0,0,1,0,0,0,0,0,0,1,0,1,0,0,/,1,0,0,0
Southampton,2002,0,0,0,0,0,0,0,0,0,0,0,0,0,0,0,1,/,0,0,0
Tottenham,2002,0,1,0,0,0,0,0,0,0,0,0,0,0,0,0,0,0,/,0,0
West Ham,2002,0,0,0,0,0,0,0,0,0,0,0,0,0,0,0,0,0,0,/,0
Wolverhampton,2002,0,0,0,1,1,1,0,0,0,0,0,0,0,1,0,0,0,0,0,/
Arsenal,2003,/,0,0,0,0,0,0,0,0,0,0,0,0,0,0,0,0,0,0,1
Aston Villa,2003,0,/,1,0,0,0,1,0,0,0,0,0,0,0,1,0,0,0,0,1
Bournemouth,2003,0,1,/,0,0,0,1,0,0,0,0,0,0,0,0,0,0,0,0,0
Brentford,2003,0,0,0,/,0,0,0,0,0,0,1,0,0,0,0,0,0,0,0,0
Brighton,2003,0,0,0,0,/,0,0,0,0,0,1,0,0,0,0,0,0,0,0,0
Chelsea,2003,0,0,0,0,0,/,0,0,0,0,0,0,0,1,0,0,0,0,0,0
Crystal Palace,2003,0,1,1,0,0,0,/,0,1,0,0,0,0,0,0,0,0,0,1,0
Everton,2003,0,0,0,0,0,0,0,/,0,0,0,0,0,0,0,1,0,0,0,0
Fulham,2003,0,0,0,0,0,0,1,0,/,0,0,0,0,1,0,0,0,0,0,0
Ipswich Town,2003,0,0,0,0,0,0,0,0,0,/,1,0,0,0,0,0,0,0,0,1
Leicester City,2003,0,0,0,1,1,0,0,0,0,1,/,0,1,0,1,1,0,1,1,0
Liverpool,2003,0,0,0,0,0,0,0,0,0,0,0,/,0,0,0,0,0,0,0,0
Manchester City,2003,0,0,0,0,0,0,0,0,0,0,1,0,/,0,0,0,0,0,1,0
Manchester United,2003,0,0,0,0,0,1,0,0,1,0,0,0,0,/,0,1,0,0,0,0
Newcastle United,2003,0,1,0,0,0,0,0,0,0,0,1,0,0,0,/,1,0,0,1,1
Nottingham Forest,2003,0,0,0,0,0,0,0,1,0,0,1,0,0,1,1,/,0,0,1,0
Southampton,2003,0,0,0,0,0,0,0,0,0,0,0,0,0,0,0,0,/,0,0,1
Tottenham,2003,0,0,0,0,0,0,0,0,0,0,1,0,0,0,0,0,0,/,0,1
West Ham,2003,0,0,0,0,0,0,1,0,0,0,1,0,1,0,1,1,0,0,/,0
Wolverhampton,2003,1,1,0,0,0,0,0,0,0,1,0,0,0,0,1,0,1,1,0,/
Arsenal,2004,/,0,0,0,0,0,0,0,0,1,1,0,0,0,0,0,0,0,0,0
Aston Villa,2004,0,/,0,0,0,1,0,0,0,0,1,0,0,1,1,0,1,0,0,1
Bournemouth,2004,0,0,/,0,0,0,0,0,0,0,0,0,0,0,0,0,0,0,0,0
Brentford,2004,0,0,0,/,0,0,0,0,0,0,0,0,0,0,0,0,0,0,0,0
Brighton,2004,0,0,0,0,/,0,0,0,0,1,0,0,0,0,0,0,0,0,0,0
Chelsea,2004,0,1,0,0,0,/,0,0,0,0,0,0,0,0,1,0,0,0,0,0
Crystal Palace,2004,0,0,0,0,0,0,/,0,1,0,0,0,0,0,0,1,1,0,0,0
Everton,2004,0,0,0,0,0,0,0,/,0,1,1,0,0,1,0,1,0,0,0,0
Fulham,2004,0,0,0,0,0,0,1,0,/,0,1,0,1,0,0,0,0,0,0,0
Ipswich Town,2004,1,0,0,0,1,0,0,1,0,/,1,0,0,0,0,0,0,0,1,0
Leicester City,2004,1,1,0,0,0,0,0,1,1,1,/,0,1,0,0,1,1,0,1,1
Liverpool,2004,0,0,0,0,0,0,0,0,0,0,0,/,0,0,0,0,0,0,0,0
Manchester City,2004,0,0,0,0,0,0,0,0,1,0,1,0,/,0,0,0,0,0,0,1
Manchester United,2004,0,1,0,0,0,0,0,1,0,0,0,0,0,/,1,0,0,0,1,0
Newcastle United,2004,0,1,0,0,0,1,0,0,0,0,0,0,0,1,/,0,1,1,0,0
Nottingham Forest,2004,0,0,0,0,0,0,1,1,0,0,1,0,0,0,0,/,1,1,1,0
Southampton,2004,0,1,0,0,0,0,1,0,0,0,1,0,0,0,1,1,/,0,0,1
Tottenham,2004,0,0,0,0,0,0,0,0,0,0,0,0,0,0,1,1,0,/,0,1
West Ham,2004,0,0,0,0,0,0,0,0,0,1,1,0,0,1,0,1,0,0,/,1
Wolverhampton,2004,0,1,0,0,0,0,0,0,0,0,1,0,1,0,0,0,1,1,1,/
Arsenal,2005,/,1,0,0,0,0,0,0,0,0,0,0,0,0,0,0,0,0,0,1
Aston Villa,2005,1,/,1,0,1,0,0,0,0,0,0,1,1,0,1,0,1,0,0,1
Bournemouth,2005,0,1,/,0,0,0,0,0,0,0,0,0,0,0,0,0,0,0,0,0
Brentford,2005,0,0,0,/,0,0,0,0,0,0,0,0,0,0,0,0,0,0,0,0
Brighton,2005,0,1,0,0,/,0,0,0,0,0,0,0,0,0,0,0,0,0,0,0
Chelsea,2005,0,0,0,0,0,/,0,0,0,0,0,0,1,0,1,0,0,0,0,0
Crystal Palace,2005,0,0,0,0,0,0,/,0,0,0,0,0,1,0,0,0,1,1,0,0
Everton,2005,0,0,0,0,0,0,0,/,0,0,0,0,0,1,0,0,0,0,0,0
Fulham,2005,0,0,0,0,0,0,0,0,/,0,1,0,0,1,1,0,0,0,0,0
Ipswich Town,2005,0,0,0,0,0,0,0,0,0,/,0,0,0,0,0,0,1,0,1,0
Leicester City,2005,0,0,0,0,0,0,0,0,1,0,/,0,0,0,0,0,0,0,0,0
Liverpool,2005,0,1,0,0,0,0,0,0,0,0,0,/,1,0,0,0,0,0,0,0
Manchester City,2005,0,1,0,0,0,1,1,0,0,0,0,1,/,0,0,0,1,0,0,0
Manchester United,2005,0,0,0,0,0,0,0,1,1,0,0,0,0,/,0,0,0,0,1,0
Newcastle United,2005,0,1,0,0,0,1,0,0,1,0,0,0,0,0,/,0,0,1,0,0
Nottingham Forest,2005,0,0,0,0,0,0,0,0,0,0,0,0,0,0,0,/,0,0,0,1
Southampton,2005,0,1,0,0,0,0,1,0,0,1,0,0,1,0,0,0,/,0,0,0
Tottenham,2005,0,0,0,0,0,0,1,0,0,0,0,0,0,0,1,0,0,/,0,1
West Ham,2005,0,0,0,0,0,0,0,0,0,1,0,0,0,1,0,0,0,0,/,0
Wolverhampton,2005,1,1,0,0,0,0,0,0,0,0,0,0,0,0,0,1,0,1,0,/
Arsenal,2006,/,0,0,0,0,0,0,0,0,0,0,0,0,0,0,0,0,0,0,0
Aston Villa,2006,0,/,0,0,1,0,1,0,0,0,0,0,0,1,0,0,0,0,0,0
Bournemouth,2006,0,0,/,0,0,0,0,0,0,0,0,0,0,0,0,0,0,0,0,1
Brentford,2006,0,0,0,/,0,0,0,0,0,0,0,0,0,0,0,0,0,0,0,0
Brighton,2006,0,1,0,0,/,0,1,0,0,1,0,0,0,0,0,0,0,0,0,1
Chelsea,2006,0,0,0,0,0,/,0,0,0,0,0,0,0,0,1,0,0,0,0,0
Crystal Palace,2006,0,1,0,0,1,0,/,1,0,1,0,0,0,0,0,0,0,0,1,1
Everton,2006,0,0,0,0,0,0,1,/,0,0,0,0,0,1,0,0,0,0,0,1
Fulham,2006,0,0,0,0,0,0,0,0,/,1,0,0,0,0,0,0,0,0,0,0
Ipswich Town,2006,0,0,0,0,1,0,1,0,1,/,0,0,0,0,1,0,0,0,1,0
Leicester City,2006,0,0,0,0,0,0,0,0,0,0,/,0,0,0,0,0,1,1,1,0
Liverpool,2006,0,0,0,0,0,0,0,0,0,0,0,/,0,0,0,0,0,0,0,1
Manchester City,2006,0,0,0,0,0,0,0,0,0,0,0,0,/,0,1,0,1,0,0,0
Manchester United,2006,0,1,0,0,0,0,0,1,0,0,0,0,0,/,1,0,0,1,1,0
Newcastle United,2006,0,0,0,0,0,1,0,0,0,1,0,0,1,1,/,0,0,0,1,0
Nottingham Forest,2006,0,0,0,0,0,0,0,0,0,0,0,0,0,0,0,/,1,0,0,0
Southampton,2006,0,0,0,0,0,0,0,0,0,0,1,0,1,0,0,1,/,0,0,0
Tottenham,2006,0,0,0,0,0,0,0,0,0,0,1,0,0,1,0,0,0,/,0,0
West Ham,2006,0,0,0,0,0,0,1,0,0,1,1,0,0,1,1,0,0,0,/,0
Wolverhampton,2006,0,0,1,0,1,0,1,1,0,0,0,1,0,0,0,0,0,0,0,/
Arsenal,2007,/,0,0,0,0,0,0,0,0,0,0,0,0,0,0,0,0,0,0,0
Aston Villa,2007,0,/,0,0,0,0,0,0,1,0,0,1,0,0,0,0,1,1,1,0
Bournemouth,2007,0,0,/,0,0,0,0,0,0,0,1,0,0,0,0,0,0,0,0,0
Brentford,2007,0,0,0,/,0,0,0,0,0,1,0,0,0,0,0,1,0,0,0,0
Brighton,2007,0,0,0,0,/,0,0,0,0,1,0,0,1,0,0,0,0,0,0,0
Chelsea,2007,0,0,0,0,0,/,1,0,0,0,0,0,0,0,1,0,0,0,0,0
Crystal Palace,2007,0,0,0,0,0,1,/,0,1,1,0,1,1,0,0,0,0,0,1,1
Everton,2007,0,0,0,0,0,0,0,/,0,0,0,0,0,1,0,0,0,0,0,0
Fulham,2007,0,1,0,0,0,0,1,0,/,0,1,0,0,0,0,0,0,0,0,0
Ipswich Town,2007,0,0,0,1,1,0,1,0,0,/,0,0,0,1,0,0,0,0,0,0
Leicester City,2007,0,0,1,0,0,0,0,0,1,0,/,0,1,0,0,0,0,1,1,1
Liverpool,2007,0,1,0,0,0,0,1,0,0,0,0,/,0,0,0,0,0,0,0,0
Manchester City,2007,0,0,0,0,1,0,1,0,0,0,1,0,/,0,1,0,0,0,0,0
Manchester United,2007,0,0,0,0,0,0,0,1,0,1,0,0,0,/,1,0,0,0,1,0
Newcastle United,2007,0,0,0,0,0,1,0,0,0,0,0,0,1,1,/,0,0,0,1,0
Nottingham Forest,2007,0,0,0,1,0,0,0,0,0,0,0,0,0,0,0,/,0,0,0,0
Southampton,2007,0,1,0,0,0,0,0,0,0,0,0,0,0,0,0,0,/,0,0,0
Tottenham,2007,0,1,0,0,0,0,0,0,0,0,1,0,0,0,0,0,0,/,0,0
West Ham,2007,0,1,0,0,0,0,1,0,0,0,1,0,0,1,1,0,0,0,/,0
Wolverhampton,2007,0,0,0,0,0,0,1,0,0,0,1,0,0,0,0,0,0,0,0,/
Arsenal,2008,/,0,0,0,0,0,0,0,0,0,1,0,0,1,0,0,0,0,0,0
Aston Villa,2008,0,/,0,1,0,1,0,0,0,0,0,0,0,0,1,1,0,0,0,1
Bournemouth,2008,0,0,/,0,0,0,0,0,0,0,0,0,0,0,0,0,0,0,0,1
Brentford,2008,0,1,0,/,0,0,0,0,0,1,1,0,0,0,0,0,0,0,0,0
Brighton,2008,0,0,0,0,/,0,1,0,0,1,0,0,0,0,0,1,0,0,0,0
Chelsea,2008,0,1,0,0,0,/,0,0,0,0,0,0,1,0,0,0,0,0,0,1
Crystal Palace,2008,0,0,0,0,1,0,/,0,0,1,0,0,0,0,0,1,0,1,0,0
Everton,2008,0,0,0,0,0,0,0,/,0,0,0,0,1,1,0,1,0,0,0,0
Fulham,2008,0,0,0,0,0,0,0,0,/,1,1,0,0,0,0,0,0,0,0,0
Ipswich Town,2008,0,0,0,1,1,0,1,0,1,/,1,0,0,0,0,0,1,1,1,0
Leicester City,2008,1,0,0,1,0,0,0,0,1,1,/,1,1,1,0,0,0,0,0,1
Liverpool,2008,0,0,0,0,0,0,0,0,0,0,1,/,0,0,1,0,0,0,0,0
Manchester City,2008,0,0,0,0,0,1,0,1,0,0,1,0,/,0,1,0,0,1,1,0
Manchester United,2008,1,0,0,0,0,0,0,1,0,0,1,0,0,/,0,1,0,1,1,0
Newcastle United,2008,0,1,0,0,0,0,0,0,0,0,0,1,1,0,/,0,0,0,0,0
Nottingham Forest,2008,0,1,0,0,1,0,1,1,0,0,0,0,0,1,0,/,0,1,0,0
Southampton,2008,0,0,0,0,0,0,0,0,0,1,0,0,0,0,0,0,/,0,0,0
Tottenham,2008,0,0,0,0,0,0,1,0,0,1,0,0,1,1,0,1,0,/,0,0
West Ham,2008,0,0,0,0,0,0,0,0,0,1,0,0,1,1,0,0,0,0,/,1
Wolverhampton,2008,0,1,1,0,0,1,0,0,0,0,1,0,0,0,0,0,0,0,1,/
Arsenal,2009,/,0,0,0,0,0,0,0,0,0,0,0,1,0,0,0,0,0,0,0
Aston Villa,2009,0,/,0,0,0,0,0,0,1,0,0,0,1,0,1,1,0,0,1,0
Bournemouth,2009,0,0,/,0,0,0,0,0,0,0,0,0,0,0,0,0,0,0,0,0
Brentford,2009,0,0,0,/,0,0,0,0,0,1,0,0,0,0,0,0,0,0,0,0
Brighton,2009,0,0,0,0,/,0,1,0,0,0,0,0,0,0,1,1,0,0,0,1
Chelsea,2009,0,0,0,0,0,/,0,0,0,0,0,0,1,0,1,0,0,0,0,1
Crystal Palace,2009,0,0,0,0,1,0,/,0,0,1,0,0,0,0,0,0,1,0,1,0
Everton,2009,0,0,0,0,0,0,0,/,0,0,1,0,1,0,0,0,0,0,0,0
Fulham,2009,0,1,0,0,0,0,0,0,/,0,0,0,0,0,1,0,0,0,0,0
Ipswich Town,2009,0,0,0,1,0,0,1,0,0,/,1,0,0,1,0,0,1,0,0,0
Leicester City,2009,0,0,0,0,0,0,0,1,0,1,/,1,1,0,0,0,0,0,0,0
Liverpool,2009,0,0,0,0,0,0,0,0,0,0,1,/,0,0,0,0,0,0,0,0
Manchester City,2009,1,1,0,0,0,1,0,1,0,0,1,0,/,0,0,0,0,0,1,0
Manchester United,2009,0,0,0,0,0,0,0,0,0,1,0,0,0,/,1,0,0,0,0,0
Newcastle United,2009,0,1,0,0,1,1,0,0,1,0,0,0,0,1,/,0,0,1,0,0
Nottingham Forest,2009,0,1,0,0,1,0,0,0,0,0,0,0,0,0,0,/,1,1,0,0
Southampton,2009,0,0,0,0,0,0,1,0,0,1,0,0,0,0,0,1,/,0,0,1
Tottenham,2009,0,0,0,0,0,0,0,0,0,0,0,0,0,0,1,1,0,/,0,0
West Ham,2009,0,1,0,0,0,0,1,0,0,0,0,0,1,0,0,0,0,0,/,0
Wolverhampton,2009,0,0,0,0,1,1,0,0,0,0,0,0,0,0,0,0,1,0,0,/
Arsenal,2010,/,0,0,0,0,0,0,0,0,0,0,0,0,0,1,1,0,0,0,0
Aston Villa,2010,0,/,0,0,0,0,0,0,1,0,1,0,1,0,1,0,0,1,0,0
Bournemouth,2010,0,0,/,0,0,0,0,0,0,0,0,0,1,0,0,0,0,0,0,0
Brentford,2010,0,0,0,/,0,0,0,0,0,1,1,0,0,0,0,0,0,0,0,0
Brighton,2010,0,0,0,0,/,0,0,0,0,0,0,0,0,0,1,0,0,0,0,0
Chelsea,2010,0,0,0,0,0,/,0,0,0,0,1,0,0,0,0,1,0,0,0,1
Crystal Palace,2010,0,0,0,0,0,0,/,1,1,1,0,0,0,0,0,1,1,1,0,0
Everton,2010,0,0,0,0,0,0,1,/,0,0,1,0,0,0,1,0,0,0,0,0
Fulham,2010,0,1,0,0,0,0,1,0,/,0,1,0,0,1,0,0,0,0,0,0
Ipswich Town,2010,0,0,0,1,0,0,1,0,0,/,0,0,0,0,0,0,0,1,1,0
Leicester City,2010,0,1,0,1,0,1,0,1,1,0,/,0,1,0,0,0,1,1,0,1
Liverpool,2010,0,0,0,0,0,0,0,0,0,0,0,/,0,0,1,1,0,0,0,0
Manchester City,2010,0,1,1,0,0,0,0,0,0,0,1,0,/,0,0,0,0,0,1,0
Manchester United,2010,0,0,0,0,0,0,0,0,1,0,0,0,0,/,0,0,0,0,0,0
Newcastle United,2010,1,1,0,0,1,0,0,1,0,0,0,1,0,0,/,1,0,0,0,0
Nottingham Forest,2010,1,0,0,0,0,1,1,0,0,0,0,1,0,0,1,/,0,0,0,0
Southampton,2010,0,0,0,0,0,0,1,0,0,0,1,0,0,0,0,0,/,0,0,0
Tottenham,2010,0,1,0,0,0,0,1,0,0,1,1,0,0,0,0,0,0,/,0,1
West Ham,2010,0,0,0,0,0,0,0,0,0,1,0,0,1,0,0,0,0,0,/,0
Wolverhampton,2010,0,0,0,0,0,1,0,0,0,0,1,0,0,0,0,0,0,1,0,/
Arsenal,2011,/,0,0,0,0,0,0,0,0,1,0,0,1,0,0,0,0,0,0,1
Aston Villa,2011,0,/,0,0,0,0,0,0,0,0,1,1,1,1,0,0,0,1,1,0
Bournemouth,2011,0,0,/,0,0,0,1,0,0,1,0,0,0,0,0,0,0,0,0,1
Brentford,2011,0,0,0,/,0,0,0,0,0,0,0,0,1,0,0,0,0,0,0,0
Brighton,2011,0,0,0,0,/,0,1,0,0,0,0,0,1,0,1,0,0,0,0,1
Chelsea,2011,0,0,0,0,0,/,0,0,0,0,0,0,0,0,0,1,0,0,0,0
Crystal Palace,2011,0,0,1,0,1,0,/,0,1,0,1,0,1,0,0,0,0,0,0,0
Everton,2011,0,0,0,0,0,0,0,/,0,0,1,0,0,1,0,0,0,0,0,1
Fulham,2011,0,0,0,0,0,0,1,0,/,1,1,0,0,0,0,1,0,0,0,0
Ipswich Town,2011,1,0,1,0,0,0,0,0,1,/,0,0,1,0,0,0,0,0,0,0
Leicester City,2011,0,1,0,0,0,0,1,1,1,0,/,1,1,0,0,1,0,0,0,0
Liverpool,2011,0,1,0,0,0,0,0,0,0,0,1,/,1,0,1,0,0,0,0,0
Manchester City,2011,1,1,0,1,1,0,1,0,0,1,1,1,/,1,0,0,0,1,0,0
Manchester United,2011,0,1,0,0,0,0,0,1,0,0,0,0,1,/,1,0,0,0,0,0
Newcastle United,2011,0,0,0,0,1,0,0,0,0,0,0,1,0,1,/,0,0,0,1,0
Nottingham Forest,2011,0,0,0,0,0,1,0,0,1,0,1,0,0,0,0,/,0,0,0,1
Southampton,2011,0,0,0,0,0,0,0,0,0,0,0,0,0,0,0,0,/,0,0,0
Tottenham,2011,0,1,0,0,0,0,0,0,0,0,0,0,1,0,0,0,0,/,0,1
West Ham,2011,0,1,0,0,0,0,0,0,0,0,0,0,0,0,1,0,0,0,/,0
Wolverhampton,2011,1,0,1,0,1,0,0,1,0,0,0,0,0,0,0,1,0,1,0,/
Arsenal,2012,/,0,0,0,0,0,0,0,0,0,0,0,0,1,0,1,0,0,0,0
Aston Villa,2012,0,/,0,0,0,0,0,0,0,0,0,0,0,0,0,1,0,1,1,0
Bournemouth,2012,0,0,/,0,0,0,0,0,0,0,0,0,0,0,0,0,0,0,0,0
Brentford,2012,0,0,0,/,0,0,0,0,0,0,1,0,0,0,0,0,0,0,0,0
Brighton,2012,0,0,0,0,/,0,1,0,0,0,0,0,1,1,0,0,0,0,0,0
Chelsea,2012,0,0,0,0,0,/,0,0,0,0,0,0,0,0,1,1,0,0,0,0
Crystal Palace,2012,0,0,0,0,1,0,/,0,0,1,0,0,0,1,0,0,1,0,0,0
Everton,2012,0,0,0,0,0,0,0,/,0,0,0,0,1,0,0,0,0,0,0,0
Fulham,2012,0,0,0,0,0,0,0,0,/,0,0,0,0,1,0,0,0,0,0,0
Ipswich Town,2012,0,0,0,0,0,0,1,0,0,/,1,0,0,1,0,1,0,0,1,1
Leicester City,2012,0,0,0,1,0,0,0,0,0,1,/,0,0,1,0,0,0,1,0,0
Liverpool,2012,0,0,0,0,0,0,0,0,0,0,0,/,0,0,0,0,0,0,0,1
Manchester City,2012,0,0,0,0,1,0,0,1,0,0,0,0,/,0,0,0,0,1,0,0
Manchester United,2012,1,0,0,0,1,0,1,0,1,1,1,0,0,/,0,0,0,0,0,0
Newcastle United,2012,0,0,0,0,0,1,0,0,0,0,0,0,0,0,/,0,0,0,0,0
Nottingham Forest,2012,1,1,0,0,0,1,0,0,0,1,0,0,0,0,0,/,1,1,0,1
Southampton,2012,0,0,0,0,0,0,1,0,0,0,0,0,0,0,0,1,/,0,0,0
Tottenham,2012,0,1,0,0,0,0,0,0,0,0,1,0,1,0,0,1,0,/,0,0
West Ham,2012,0,1,0,0,0,0,0,0,0,1,0,0,0,0,0,0,0,0,/,1
Wolverhampton,2012,0,0,0,0,0,0,0,0,0,1,0,1,0,0,0,1,0,0,1,/
Arsenal,2013,/,0,0,0,0,0,1,0,0,0,1,0,0,0,0,0,0,0,0,0
Aston Villa,2013,0,/,0,0,0,1,1,0,1,0,0,0,0,0,0,1,0,0,0,0
Bournemouth,2013,0,0,/,0,0,0,0,0,0,0,0,0,0,0,0,0,0,0,0,0
Brentford,2013,0,0,0,/,0,0,0,0,0,0,0,0,1,0,0,0,0,0,0,0
Brighton,2013,0,0,0,0,/,0,1,0,0,0,0,0,0,0,0,0,0,0,0,1
Chelsea,2013,0,1,0,0,0,/,0,0,0,0,0,0,0,1,0,1,0,0,0,0
Crystal Palace,2013,1,1,0,0,1,0,/,0,0,1,1,0,0,0,0,1,1,0,0,1
Everton,2013,0,0,0,0,0,0,0,/,0,0,0,0,1,1,0,0,0,0,0,0
Fulham,2013,0,1,0,0,0,0,0,0,/,0,0,0,0,0,0,0,0,0,0,0
Ipswich Town,2013,0,0,0,0,0,0,1,0,0,/,0,0,0,1,0,1,0,0,0,1
Leicester City,2013,1,0,0,0,0,0,1,0,0,0,/,0,0,0,0,0,1,0,0,0
Liverpool,2013,0,0,0,0,0,0,0,0,0,0,0,/,1,0,0,0,0,0,0,0
Manchester City,2013,0,0,0,1,0,0,0,1,0,0,0,1,/,0,0,0,0,0,0,0
Manchester United,2013,0,0,0,0,0,1,0,1,0,1,0,0,0,/,0,0,0,0,0,0
Newcastle United,2013,0,0,0,0,0,0,0,0,0,0,0,0,0,0,/,0,0,0,0,0
Nottingham Forest,2013,0,1,0,0,0,1,1,0,0,1,0,0,0,0,0,/,1,0,0,1
Southampton,2013,0,0,0,0,0,0,1,0,0,0,1,0,0,0,0,1,/,0,0,0
Tottenham,2013,0,0,0,0,0,0,0,0,0,0,0,0,0,0,0,0,0,/,0,0
West Ham,2013,0,0,0,0,0,0,0,0,0,0,0,0,0,0,0,0,0,0,/,1
Wolverhampton,2013,0,0,0,0,1,0,1,0,0,1,0,0,0,0,0,1,0,0,1,/
Arsenal,2014,/,0,0,0,0,0,1,0,0,0,0,0,1,1,1,0,0,0,0,0
Aston Villa,2014,0,/,0,0,1,0,0,0,1,0,1,0,1,1,0,1,0,0,1,0
Bournemouth,2014,0,0,/,0,0,0,0,0,0,0,0,0,0,0,1,0,0,0,0,0
Brentford,2014,0,0,0,/,0,0,0,0,0,0,1,0,0,0,0,0,0,0,0,0
Brighton,2014,0,1,0,0,/,0,0,0,0,0,1,0,0,0,0,1,0,0,0,0
Chelsea,2014,0,0,0,0,0,/,0,0,0,0,1,0,0,0,0,1,0,0,0,0
Crystal Palace,2014,1,0,0,0,0,0,/,0,1,1,0,1,0,1,0,1,0,1,0,1
Everton,2014,0,0,0,0,0,0,0,/,0,0,0,0,1,0,0,0,0,0,0,0
Fulham,2014,0,1,0,0,0,0,1,0,/,0,0,0,0,0,0,0,0,0,0,0
Ipswich Town,2014,0,0,0,0,0,0,1,0,0,/,1,0,0,0,0,0,0,0,1,0
Leicester City,2014,0,1,0,1,1,1,0,0,0,1,/,0,0,1,0,0,0,0,0,0
Liverpool,2014,0,0,0,0,0,0,1,0,0,0,0,/,0,0,0,0,0,0,0,0
Manchester City,2014,1,1,0,0,0,0,0,1,0,0,0,0,/,0,0,0,0,0,0,0
Manchester United,2014,1,1,0,0,0,0,1,0,0,0,1,0,0,/,0,0,1,0,0,0
Newcastle United,2014,1,0,1,0,0,0,0,0,0,0,0,0,0,0,/,1,0,0,0,0
Nottingham Forest,2014,0,1,0,0,1,1,1,0,0,0,0,0,0,0,1,/,1,0,0,0
Southampton,2014,0,0,0,0,0,0,0,0,0,0,0,0,0,1,0,1,/,0,0,0
Tottenham,2014,0,0,0,0,0,0,1,0,0,0,0,0,0,0,0,0,0,/,0,0
West Ham,2014,0,1,0,0,0,0,0,0,0,1,0,0,0,0,0,0,0,0,/,0
Wolverhampton,2014,0,0,0,0,0,0,1,0,0,0,0,0,0,0,0,0,0,0,0,/
Arsenal,2015,/,0,0,0,0,0,0,0,0,0,0,0,0,0,0,0,0,0,0,1
Aston Villa,2015,0,/,1,0,0,0,0,0,0,0,0,1,1,0,0,1,0,0,0,0
Bournemouth,2015,0,1,/,0,0,0,1,0,0,1,0,0,0,0,0,0,0,0,0,1
Brentford,2015,0,0,0,/,0,0,0,0,0,1,0,0,0,0,0,0,0,0,0,0
Brighton,2015,0,0,0,0,/,0,0,0,0,0,0,0,0,1,0,1,0,0,0,1
Chelsea,2015,0,0,0,0,0,/,1,0,0,0,0,0,0,0,0,0,0,0,0,0
Crystal Palace,2015,0,0,1,0,0,1,/,0,0,0,0,0,0,0,0,1,0,0,0,1
Everton,2015,0,0,0,0,0,0,0,/,0,0,0,0,0,1,0,0,0,0,0,0
Fulham,2015,0,0,0,0,0,0,0,0,/,1,0,0,1,0,0,0,0,0,0,1
Ipswich Town,2015,0,0,1,1,0,0,0,0,1,/,0,0,0,0,0,0,0,0,0,0
Leicester City,2015,0,0,0,0,0,0,0,0,0,0,/,0,0,0,0,1,0,0,0,0
Liverpool,2015,0,1,0,0,0,0,0,0,0,0,0,/,1,0,0,0,0,0,0,1
Manchester City,2015,0,1,0,0,0,0,0,0,1,0,0,1,/,0,0,0,0,0,0,0
Manchester United,2015,0,0,0,0,1,0,0,1,0,0,0,0,0,/,0,0,1,0,0,0
Newcastle United,2015,0,0,0,0,0,0,0,0,0,0,0,0,0,0,/,0,0,1,0,1
Nottingham Forest,2015,0,1,0,0,1,0,1,0,0,0,1,0,0,0,0,/,0,0,1,0
Southampton,2015,0,0,0,0,0,0,0,0,0,0,0,0,0,1,0,0,/,0,0,0
Tottenham,2015,0,0,0,0,0,0,0,0,0,0,0,0,0,0,1,0,0,/,0,0
West Ham,2015,0,0,0,0,0,0,0,0,0,0,0,0,0,0,0,1,0,0,/,0
Wolverhampton,2015,1,0,1,0,1,0,1,0,1,0,0,1,0,0,1,0,0,0,0,/
Arsenal,2016,/,0,0,0,0,0,0,0,0,0,0,0,0,0,0,0,0,0,0,0
Aston Villa,2016,0,/,1,1,0,0,1,1,1,0,1,0,0,1,1,1,0,0,0,0
Bournemouth,2016,0,1,/,0,0,0,0,0,0,0,0,0,0,0,1,0,0,0,0,0
Brentford,2016,0,1,0,/,0,0,1,0,0,0,1,0,0,0,0,0,0,0,0,0
Brighton,2016,0,0,0,0,/,0,0,0,0,0,0,0,0,0,0,0,0,0,0,0
Chelsea,2016,0,0,0,0,0,/,1,0,0,0,1,0,0,0,1,0,0,0,0,0
Crystal Palace,2016,0,1,0,1,0,1,/,1,0,1,1,1,0,0,1,0,1,0,1,0
Everton,2016,0,1,0,0,0,0,1,/,0,0,0,0,1,1,0,0,0,0,0,0
Fulham,2016,0,1,0,0,0,0,0,0,/,0,0,0,0,0,0,0,0,0,0,1
Ipswich Town,2016,0,0,0,0,0,0,1,0,0,/,1,0,0,0,1,0,0,0,0,0
Leicester City,2016,0,1,0,1,0,1,1,0,0,1,/,0,0,0,0,0,0,0,0,0
Liverpool,2016,0,0,0,0,0,0,1,0,0,0,0,/,0,0,1,0,0,0,0,0
Manchester City,2016,0,0,0,0,0,0,0,1,0,0,0,0,/,0,0,0,0,0,0,0
Manchester United,2016,0,1,0,0,0,0,0,1,0,0,0,0,0,/,0,0,0,0,0,0
Newcastle United,2016,0,1,1,0,0,1,1,0,0,1,0,1,0,0,/,0,0,1,0,0
Nottingham Forest,2016,0,1,0,0,0,0,0,0,0,0,0,0,0,0,0,/,0,0,0,1
Southampton,2016,0,0,0,0,0,0,1,0,0,0,0,0,0,0,0,0,/,0,0,0
Tottenham,2016,0,0,0,0,0,0,0,0,0,0,0,0,0,0,1,0,0,/,0,0
West Ham,2016,0,0,0,0,0,0,1,0,0,0,0,0,0,0,0,0,0,0,/,0
Wolverhampton,2016,0,0,0,0,0,0,0,0,1,0,0,0,0,0,0,1,0,0,0,/
Arsenal,2017,/,0,0,0,0,0,0,0,0,0,0,0,0,1,0,0,0,0,0,0
Aston Villa,2017,0,/,1,0,0,1,0,0,0,0,0,0,0,1,0,0,0,1,1,0
Bournemouth,2017,0,1,/,0,0,0,0,0,0,0,0,0,0,0,0,1,0,0,0,1
Brentford,2017,0,0,0,/,0,0,0,0,0,0,0,0,0,0,0,0,0,0,0,0
Brighton,2017,0,0,0,0,/,0,0,0,0,0,1,0,0,0,1,0,0,0,0,0
Chelsea,2017,0,1,0,0,0,/,1,0,0,0,1,0,1,1,1,0,0,0,0,0
Crystal Palace,2017,0,0,0,0,0,1,/,0,0,0,0,1,0,1,0,0,0,0,0,0
Everton,2017,0,0,0,0,0,0,0,/,0,0,0,0,1,1,0,1,0,0,0,0
Fulham,2017,0,0,0,0,0,0,0,0,/,0,0,0,0,0,1,0,0,0,0,1
Ipswich Town,2017,0,0,0,0,0,0,0,0,0,/,0,0,1,0,0,1,0,1,0,1
Leicester City,2017,0,0,0,0,1,1,0,0,0,0,/,0,1,0,1,0,0,0,0,0
Liverpool,2017,0,0,0,0,0,0,1,0,0,0,0,/,0,0,0,0,0,0,0,0
Manchester City,2017,0,0,0,0,0,1,0,1,0,1,1,0,/,0,0,0,0,1,1,0
Manchester United,2017,1,1,0,0,0,1,1,1,0,0,0,0,0,/,0,0,0,0,0,0
Newcastle United,2017,0,0,0,0,1,1,0,0,1,0,1,0,0,0,/,1,0,0,0,0
Nottingham Forest,2017,0,0,1,0,0,0,0,1,0,1,0,0,0,0,1,/,0,0,0,0
Southampton,2017,0,0,0,0,0,0,0,0,0,0,0,0,0,0,0,0,/,0,0,0
Tottenham,2017,0,1,0,0,0,0,0,0,0,1,0,0,1,0,0,0,0,/,0,0
West Ham,2017,0,1,0,0,0,0,0,0,0,0,0,0,1,0,0,0,0,0,/,0
Wolverhampton,2017,0,0,1,0,0,0,0,0,1,1,0,0,0,0,0,0,0,0,0,/
Arsenal,2018,/,0,0,0,0,0,0,0,0,0,0,0,0,0,0,0,0,0,0,0
Aston Villa,2018,0,/,1,0,0,1,0,1,0,1,0,0,0,1,0,0,0,0,0,1
Bournemouth,2018,0,1,/,0,0,0,0,0,0,0,0,0,0,0,0,1,0,0,0,1
Brentford,2018,0,0,0,/,0,0,0,0,0,1,0,0,0,0,0,0,0,0,0,0
Brighton,2018,0,0,0,0,/,0,0,0,0,0,0,0,0,0,0,0,0,0,0,0
Chelsea,2018,0,1,0,0,0,/,1,0,0,0,0,0,0,0,1,0,0,0,0,0
Crystal Palace,2018,0,0,0,0,0,1,/,0,0,0,0,0,0,0,0,0,0,0,1,0
Everton,2018,0,1,0,0,0,0,0,/,0,1,0,0,0,0,0,0,0,0,0,0
Fulham,2018,0,0,0,0,0,0,0,0,/,0,0,0,0,1,1,0,0,0,0,0
Ipswich Town,2018,0,1,0,1,0,0,0,1,0,/,1,0,0,0,0,0,0,0,0,1
Leicester City,2018,0,0,0,0,0,0,0,0,0,1,/,1,1,0,0,1,0,0,0,0
Liverpool,2018,0,0,0,0,0,0,0,0,0,0,1,/,0,0,0,0,0,0,0,0
Manchester City,2018,0,0,0,0,0,0,0,0,0,0,1,0,/,0,0,0,1,0,0,0
Manchester United,2018,0,1,0,0,0,0,0,0,1,0,0,0,0,/,0,0,0,0,0,0
Newcastle United,2018,0,0,0,0,0,1,0,0,1,0,0,0,0,0,/,1,0,0,0,0
Nottingham Forest,2018,0,0,1,0,0,0,0,0,0,0,1,0,0,0,1,/,0,0,1,1
Southampton,2018,0,0,0,0,0,0,0,0,0,0,0,0,1,0,0,0,/,0,0,0
Tottenham,2018,0,0,0,0,0,0,0,0,0,0,0,0,0,0,0,0,0,/,0,0
West Ham,2018,0,0,0,0,0,0,1,0,0,0,0,0,0,0,0,1,0,0,/,0
Wolverhampton,2018,0,1,1,0,0,0,0,0,0,1,0,0,0,0,0,1,0,0,0,/
Arsenal,2019,/,0,0,0,0,0,0,0,0,0,0,0,0,0,0,1,0,0,0,0
Aston Villa,2019,0,/,1,1,0,1,0,0,0,0,0,0,1,0,0,1,1,0,0,1
Bournemouth,2019,0,1,/,0,0,0,0,0,0,0,0,0,0,0,0,0,0,0,0,0
Brentford,2019,0,1,0,/,0,0,0,0,0,0,0,0,0,0,0,0,0,0,0,0
Brighton,2019,0,0,0,0,/,0,0,0,0,0,0,0,0,0,0,1,0,0,0,0
Chelsea,2019,0,1,0,0,0,/,1,0,0,0,0,0,0,0,0,0,0,0,0,0
Crystal Palace,2019,0,0,0,0,0,1,/,1,0,0,0,0,0,1,0,1,0,0,0,0
Everton,2019,0,0,0,0,0,0,1,/,0,1,0,0,1,0,0,0,0,0,0,0
Fulham,2019,0,0,0,0,0,0,0,0,/,0,0,0,0,0,0,0,0,0,0,1
Ipswich Town,2019,0,0,0,0,0,0,0,1,0,/,0,0,0,0,0,0,0,0,0,1
Leicester City,2019,0,0,0,0,0,0,0,0,0,0,/,0,0,1,1,0,0,0,0,1
Liverpool,2019,0,0,0,0,0,0,0,0,0,0,0,/,0,0,0,0,0,0,0,0
Manchester City,2019,0,1,0,0,0,0,0,1,0,0,0,0,/,0,0,1,0,0,0,0
Manchester United,2019,0,0,0,0,0,0,1,0,0,0,1,0,0,/,0,0,0,0,0,0
Newcastle United,2019,0,0,0,0,0,0,0,0,0,0,1,0,0,0,/,0,0,1,1,0
Nottingham Forest,2019,1,1,0,0,1,0,1,0,0,0,0,0,1,0,0,/,0,0,0,1
Southampton,2019,0,1,0,0,0,0,0,0,0,0,0,0,0,0,0,0,/,0,0,0
Tottenham,2019,0,0,0,0,0,0,0,0,0,0,0,0,0,0,1,0,0,/,0,0
West Ham,2019,0,0,0,0,0,0,0,0,0,0,0,0,0,0,1,0,0,0,/,0
Wolverhampton,2019,0,1,0,0,0,0,0,0,1,1,1,0,0,0,0,1,0,0,0,/
Arsenal,2020,/,1,0,0,0,0,0,0,0,0,0,0,0,0,1,0,0,0,0,0
Aston Villa,2020,1,/,0,1,0,1,0,0,0,0,0,0,0,0,0,1,0,0,0,0
Bournemouth,2020,0,0,/,0,0,0,0,0,0,0,0,0,1,0,1,1,0,0,0,0
Brentford,2020,0,1,0,/,0,0,0,0,0,0,0,0,0,0,0,0,0,0,0,0
Brighton,2020,0,0,0,0,/,0,0,0,0,0,0,0,0,0,0,1,0,0,0,0
Chelsea,2020,0,1,0,0,0,/,1,0,0,0,1,0,0,0,0,0,0,0,0,0
Crystal Palace,2020,0,0,0,0,0,1,/,0,0,0,0,1,0,0,0,0,0,0,0,0
Everton,2020,0,0,0,0,0,0,0,/,0,0,0,0,0,0,0,0,0,0,0,0
Fulham,2020,0,0,0,0,0,0,0,0,/,0,0,0,0,0,0,1,0,0,0,0
Ipswich Town,2020,0,0,0,0,0,0,0,0,0,/,0,0,0,0,0,0,0,0,0,0
Leicester City,2020,0,0,0,0,0,1,0,0,0,0,/,0,0,0,0,0,0,0,0,0
Liverpool,2020,0,0,0,0,0,0,1,0,0,0,0,/,0,0,0,0,0,0,0,1
Manchester City,2020,0,0,1,0,0,0,0,0,0,0,0,0,/,0,0,0,0,0,0,0
Manchester United,2020,0,0,0,0,0,0,0,0,0,0,0,0,0,/,0,1,0,0,1,0
Newcastle United,2020,1,0,1,0,0,0,0,0,0,0,0,0,0,0,/,1,0,0,0,0
Nottingham Forest,2020,0,1,1,0,1,0,0,0,1,0,0,0,0,1,1,/,0,0,0,0
Southampton,2020,0,0,0,0,0,0,0,0,0,0,0,0,0,0,0,0,/,0,0,0
Tottenham,2020,0,0,0,0,0,0,0,0,0,0,0,0,0,0,0,0,0,/,0,1
West Ham,2020,0,0,0,0,0,0,0,0,0,0,0,0,0,1,0,0,0,0,/,0
Wolverhampton,2020,0,0,0,0,0,0,0,0,0,0,0,1,0,0,0,0,0,1,0,/
Arsenal,2021,/,1,0,0,0,0,0,0,0,0,0,0,0,0,1,0,0,0,0,0
Aston Villa,2021,1,/,0,0,0,0,0,1,0,0,0,0,1,1,1,1,1,0,0,0
Bournemouth,2021,0,0,/,0,0,0,1,0,0,0,0,0,0,0,1,1,0,0,0,0
Brentford,2021,0,0,0,/,0,0,0,0,0,1,0,0,0,0,0,0,0,0,0,0
Brighton,2021,0,0,0,0,/,0,0,0,0,1,0,0,0,0,1,0,0,0,0,0
Chelsea,2021,0,0,0,0,0,/,1,0,0,0,0,0,0,0,0,0,0,0,0,0
Crystal Palace,2021,0,0,1,0,0,1,/,1,0,0,0,0,0,0,0,0,0,0,0,0
Everton,2021,0,1,0,0,0,0,1,/,0,0,0,0,0,1,0,0,0,0,0,0
Fulham,2021,0,0,0,0,0,0,0,0,/,0,0,0,0,0,0,0,0,0,0,0
Ipswich Town,2021,0,0,0,1,1,0,0,0,0,/,0,0,0,0,1,0,0,0,0,0
Leicester City,2021,0,0,0,0,0,0,0,0,0,0,/,0,0,0,0,0,1,0,0,0
Liverpool,2021,0,0,0,0,0,0,0,0,0,0,0,/,0,0,0,0,0,0,0,0
Manchester City,2021,0,1,0,0,0,0,0,0,0,0,0,0,/,0,0,0,0,0,0,0
Manchester United,2021,0,1,0,0,0,0,0,1,0,0,0,0,0,/,0,1,0,0,0,0
Newcastle United,2021,1,1,1,0,1,0,0,0,0,1,0,0,0,0,/,0,0,0,0,0
Nottingham Forest,2021,0,1,1,0,0,0,0,0,0,0,0,0,0,1,0,/,0,0,1,0
Southampton,2021,0,1,0,0,0,0,0,0,0,0,1,0,0,0,0,0,/,0,0,0
Tottenham,2021,0,0,0,0,0,0,0,0,0,0,0,0,0,0,0,0,0,/,0,0
West Ham,2021,0,0,0,0,0,0,0,0,0,0,0,0,0,0,0,1,0,0,/,0
Wolverhampton,2021,0,0,0,0,0,0,0,0,0,0,0,0,0,0,0,0,0,0,0,/
Arsenal,2022,/,0,0,0,0,0,1,0,0,0,0,0,1,0,0,0,0,0,0,0
Aston Villa,2022,0,/,0,0,0,1,0,0,0,0,0,0,0,0,1,0,1,0,1,1
Bournemouth,2022,0,0,/,0,0,0,0,0,0,0,0,0,0,0,0,0,0,0,0,0
Brentford,2022,0,0,0,/,0,0,0,0,0,0,0,0,0,1,0,0,0,0,0,0
Brighton,2022,0,0,0,0,/,0,0,0,0,0,0,0,0,0,0,0,0,0,0,0
Chelsea,2022,0,1,0,0,0,/,0,0,0,0,1,0,1,0,0,0,0,0,0,0
Crystal Palace,2022,1,0,0,0,0,0,/,0,0,0,0,0,0,1,0,1,0,0,0,0
Everton,2022,0,0,0,0,0,0,0,/,0,1,0,0,0,1,1,0,0,0,0,1
Fulham,2022,0,0,0,0,0,0,0,0,/,0,0,0,0,1,0,0,0,0,0,0
Ipswich Town,2022,0,0,0,0,0,0,0,1,0,/,1,0,0,0,0,0,0,0,0,0
Leicester City,2022,0,0,0,0,0,1,0,0,0,1,/,0,0,0,0,0,0,0,0,0
Liverpool,2022,0,0,0,0,0,0,0,0,0,0,0,/,0,0,0,1,0,0,0,0
Manchester City,2022,1,0,0,0,0,1,0,0,0,0,0,0,/,0,0,0,0,0,0,0
Manchester United,2022,0,0,0,1,0,0,1,1,1,0,0,0,0,/,1,1,0,0,0,0
Newcastle United,2022,0,1,0,0,0,0,0,1,0,0,0,0,0,1,/,1,0,0,0,0
Nottingham Forest,2022,0,0,0,0,0,0,1,0,0,0,0,1,0,1,1,/,0,0,0,1
Southampton,2022,0,1,0,0,0,0,0,0,0,0,0,0,0,0,0,0,/,0,0,0
Tottenham,2022,0,0,0,0,0,0,0,0,0,0,0,0,0,0,0,0,0,/,0,0
West Ham,2022,0,1,0,0,0,0,0,0,0,0,0,0,0,0,0,0,0,0,/,1
Wolverhampton,2022,0,1,0,0,0,0,0,1,0,0,0,0,0,0,0,1,0,0,1,/
Arsenal,2023,/,0,0,0,0,0,1,0,0,0,0,0,0,0,0,1,0,0,0,0
Aston Villa,2023,0,/,0,0,0,0,0,1,0,0,1,0,0,0,0,0,0,0,0,0
Bournemouth,2023,0,0,/,0,0,0,1,0,0,1,0,0,0,0,0,0,0,0,0,0
Brentford,2023,0,0,0,/,0,0,0,0,0,0,0,0,0,0,0,0,0,0,0,1
Brighton,2023,0,0,0,0,/,0,0,0,0,1,0,0,0,0,0,0,0,0,0,0
Chelsea,2023,0,0,0,0,0,/,0,0,0,1,1,0,1,1,1,1,0,0,0,0
Crystal Palace,2023,1,0,1,0,0,0,/,0,0,0,0,0,0,1,0,0,0,0,0,0
Everton,2023,0,1,0,0,0,0,0,/,0,0,1,0,0,0,0,0,0,0,0,0
Fulham,2023,0,0,0,0,0,0,0,0,/,0,1,0,0,0,0,0,0,0,0,1
Ipswich Town,2023,0,0,1,0,1,1,0,0,0,/,1,0,0,1,0,0,0,1,0,0
Leicester City,2023,0,1,0,0,0,1,0,1,1,1,/,0,0,1,1,0,0,1,0,1
Liverpool,2023,0,0,0,0,0,0,0,0,0,0,0,/,0,0,0,0,0,0,0,0
Manchester City,2023,0,0,0,0,0,1,0,0,0,0,0,0,/,0,0,0,1,0,1,1
Manchester United,2023,0,0,0,0,0,1,1,0,0,1,1,0,0,/,0,1,0,1,0,0
Newcastle United,2023,0,0,0,0,0,1,0,0,0,0,1,0,0,0,/,1,1,0,0,0
Nottingham Forest,2023,1,0,0,0,0,1,0,0,0,0,0,0,0,1,1,/,0,1,0,0
Southampton,2023,0,0,0,0,0,0,0,0,0,0,0,0,1,0,1,0,/,0,0,0
Tottenham,2023,0,0,0,0,0,0,0,0,0,1,1,0,0,1,0,1,0,/,0,0
West Ham,2023,0,0,0,0,0,0,0,0,0,0,0,0,1,0,0,0,0,0,/,0
Wolverhampton,2023,0,0,0,1,0,0,0,0,1,0,1,0,1,0,0,0,0,0,0,/
Arsenal,2024,/,0,0,0,0,0,1,0,0,0,0,0,0,0,0,0,0,0,0,0
Aston Villa,2024,0,/,0,0,0,1,0,1,0,1,0,0,0,1,0,1,1,0,0,0
Bournemouth,2024,0,0,/,0,0,0,0,0,0,0,0,0,0,0,1,0,0,0,0,0
Brentford,2024,0,0,0,/,0,0,0,0,0,0,0,0,0,0,0,0,0,0,0,0
Brighton,2024,0,0,0,0,/,0,0,0,0,1,1,0,0,0,1,0,0,0,0,0
Chelsea,2024,0,1,0,0,0,/,1,0,0,1,1,0,0,1,1,0,0,0,0,1
Crystal Palace,2024,1,0,0,0,0,1,/,0,1,0,1,0,0,0,0,1,0,0,0,1
Everton,2024,0,1,0,0,0,0,0,/,0,0,0,0,0,0,0,0,0,0,0,0
Fulham,2024,0,0,0,0,0,0,1,0,/,0,1,0,0,0,0,0,0,0,0,0
Ipswich Town,2024,0,1,0,0,1,1,0,0,0,/,0,0,1,0,0,0,0,0,1,0
Leicester City,2024,0,0,0,0,1,1,1,0,1,0,/,0,0,0,0,0,0,1,0,0
Liverpool,2024,0,0,0,0,0,0,0,0,0,0,0,/,0,0,0,0,0,0,0,0
Manchester City,2024,0,0,0,0,0,0,0,0,0,1,0,0,/,0,0,0,1,0,0,1
Manchester United,2024,0,1,0,0,0,1,0,0,0,0,0,0,0,/,0,0,0,0,1,0
Newcastle United,2024,0,0,1,0,1,1,0,0,0,0,0,0,0,0,/,1,1,0,0,0
Nottingham Forest,2024,0,1,0,0,0,0,1,0,0,0,0,0,0,0,1,/,0,0,1,0
Southampton,2024,0,1,0,0,0,0,0,0,0,0,0,0,1,0,1,0,/,0,0,0
Tottenham,2024,0,0,0,0,0,0,0,0,0,0,1,0,0,0,0,0,0,/,0,0
West Ham,2024,0,0,0,0,0,0,0,0,0,1,0,0,0,1,0,1,0,0,/,1
Wolverhampton,2024,0,0,0,0,0,1,1,0,0,0,0,0,1,0,0,0,0,0,1,/